player_api_id,overall_rating
505942,67
155782,74
155782,74
155782,73
162549,65
30572,69
27316,77
27316,77
564793,61
564793,61
528212,48
528212,48
231592,75
231592,74
40719,70
40719,70
40719,70
75489,82
75489,82
75489,82
75489,82
597948,55
597948,55
161644,64
161644,64
161644,64
161644,64
23499,65
23499,65
120919,75
120919,75
120919,75
120919,76
167027,74
167027,74
128456,73
128456,73
128456,73
42664,67
42664,67
467485,63
563215,66
563215,65
563215,64
41093,70
41093,70
564712,64
67334,72
173955,72
173955,72
173955,72
173955,71
39562,75
39562,75
191784,73
191784,73
191784,73
191784,73
210400,69
210400,69
201915,73
201915,73
194479,73
194479,72
194479,72
189181,69
189181,69
189181,69
352887,73
352887,73
409003,60
439366,64
148827,69
148827,69
419681,67
419681,67
419681,67
419681,67
419681,66
89405,66
89405,66
324910,77
324910,78
307227,63
307227,62
307227,63
307227,64
525595,71
525595,71
24385,73
24385,73
24385,73
105548,73
105548,73
172875,69
172875,69
172875,69
240556,68
37422,71
114503,67
114503,67
165706,73
165706,73
213695,71
25571,76
25571,75
25571,75
25571,75
25571,75
25571,75
660145,61
293235,73
293235,73
293235,71
293235,71
495841,72
495841,72
495841,72
495841,72
495841,70
495841,70
495841,69
495841,69
495841,69
495841,68
495841,67
519835,67
519835,67
519835,67
519835,67
519835,67
519835,67
27534,69
27534,69
157303,73
557396,62
557396,62
557396,61
365666,59
180197,66
180197,66
180197,66
180197,66
180197,66
429870,62
429870,62
429870,62
361712,60
361712,60
361712,60
361712,59
173993,68
173993,68
173993,68
277313,69
277313,69
277313,69
277313,69
277313,69
281079,66
281079,66
89240,69
89240,69
414208,57
414208,57
414208,57
414208,57
43317,67
37234,80
37234,80
37234,80
24952,70
24952,70
24952,70
24952,70
24952,71
24952,71
24952,72
209372,74
209372,74
209372,75
478447,69
478447,69
478447,69
478447,69
500502,73
500502,73
500502,72
170593,73
170593,73
170593,73
170593,73
69249,66
69249,66
69249,65
69249,63
69249,63
69249,63
684978,69
684978,67
684978,67
684978,66
306507,64
306507,64
73078,72
73078,72
31916,71
36774,74
36774,75
36774,75
243068,66
164360,67
164360,66
357881,68
181211,74
181211,74
47394,75
47394,76
47394,77
47394,78
155738,79
155738,79
155738,79
155738,79
155738,79
155738,79
361710,80
568920,67
568920,67
45816,66
40012,71
276701,69
131409,70
131409,69
131409,69
132844,77
132844,77
449241,75
261599,74
261599,74
261599,74
182107,62
182107,62
102572,70
102572,70
102572,70
113604,61
113604,61
482331,73
40501,73
40501,73
40501,73
40501,73
45744,77
45744,77
45744,75
45744,75
571685,72
571685,70
571685,70
112976,66
112976,66
239253,63
239253,61
50345,78
50345,77
323385,72
323385,73
168047,70
168047,70
169756,78
169756,78
169756,78
169756,78
33992,77
33992,77
33992,79
447107,65
447107,64
352879,77
352879,77
188413,77
188413,77
188413,74
188413,74
40930,80
40930,79
40930,79
40930,79
317062,73
317062,73
317062,73
242719,74
242719,73
242719,73
263276,71
263276,71
213366,73
213366,73
213366,73
213366,74
213366,74
213366,74
213366,74
213366,74
441441,73
441441,73
441441,73
441441,73
441441,72
441441,74
441441,74
441441,74
441441,74
119305,64
119305,64
119305,63
119305,63
119305,63
256728,65
513810,64
513810,64
513810,64
513810,65
111930,74
297556,65
120917,70
232103,76
232103,76
232103,76
232103,76
232103,76
582500,53
582500,53
582500,53
582500,53
32448,76
32448,76
32448,76
32448,76
32448,76
213737,63
213737,65
715642,59
210683,77
210683,77
210683,77
24160,69
24160,69
243127,68
243127,68
33451,70
33451,69
34268,64
34417,70
34417,71
34417,71
34417,71
32870,73
92935,76
92935,76
14100,68
32845,60
667963,66
667963,66
30248,63
312585,61
312585,61
312585,61
25926,74
25926,74
294859,75
294859,75
289250,66
160220,67
160220,67
160220,67
698273,70
698273,67
94883,74
177689,63
177689,63
37483,72
37483,72
37483,72
396912,62
396912,62
396912,62
484858,73
484858,74
484858,74
27694,77
27694,77
27694,78
27694,78
27694,78
107929,74
107929,74
107929,74
41168,76
41168,76
41168,76
41168,76
47565,77
47565,77
102394,67
30881,74
30881,74
30881,74
575364,70
575364,70
575364,70
575364,69
575364,66
543020,68
543020,68
543020,67
543020,66
543020,64
37451,72
37451,72
314605,77
109121,77
109121,77
109121,77
109121,77
39302,67
39302,65
39302,65
74028,65
88521,72
38576,72
38576,72
527104,64
493418,54
661509,54
661509,54
664961,66
664961,63
664961,60
39345,70
39345,68
39345,68
189192,79
38131,71
38131,71
38131,71
38131,72
191906,75
169217,75
151079,74
151079,74
45220,78
45220,78
45220,77
45220,77
45220,77
45220,77
45220,77
45220,76
97657,74
303484,73
303484,74
303484,74
303484,75
168569,71
288406,70
288406,70
288406,70
282470,72
282470,72
282470,71
282470,71
282470,71
282470,71
282470,71
282470,70
282470,70
282470,70
302911,65
302911,65
302911,65
364496,67
364496,67
167094,73
16351,78
16351,79
426005,63
426005,62
426005,62
426005,62
426005,62
426005,62
426005,62
426005,63
426005,63
351860,76
351860,76
164519,72
124144,71
124144,70
69018,65
156534,67
156534,67
156534,67
156534,67
156534,67
208852,67
208852,67
208852,67
68839,62
68839,63
68839,64
68839,65
26169,73
26169,73
26169,73
395154,77
39145,69
39470,69
39470,71
39762,67
39762,67
197848,65
197848,65
154238,65
561819,64
41475,75
41475,75
41475,75
41475,75
264842,79
264842,79
42443,67
42443,67
42443,67
42443,67
42443,67
42443,68
41816,74
41816,75
41816,75
41816,75
41816,75
41816,76
41816,77
182843,67
7683,66
73047,66
73047,66
73047,65
215725,69
41411,77
41411,77
41411,77
620524,63
620524,63
620524,63
620524,62
620524,61
31304,73
31304,73
31304,73
31304,73
461357,72
461357,71
461357,70
461357,70
41269,77
41269,77
41269,77
282706,68
282706,68
602306,62
602306,63
362195,76
362195,76
362195,75
42482,71
24469,68
24469,68
24469,68
24469,68
24469,68
213500,72
213500,72
213500,72
213500,72
447488,67
447488,67
447488,65
447488,64
430433,59
430433,59
604785,69
604785,67
604785,64
604785,62
604785,60
604785,59
282274,71
205034,74
205034,74
155122,62
155122,62
39566,72
196386,78
49709,72
49709,72
49709,72
49709,72
49709,72
157865,82
157865,82
157865,82
262753,64
262753,64
478988,71
478988,71
23678,78
23678,78
23678,78
428672,76
428672,77
428672,77
428672,77
428672,77
41975,64
150396,76
150396,75
163838,74
163838,74
163838,71
26564,79
26564,79
186923,65
186923,65
27306,73
118434,74
118434,75
118434,75
118434,75
118434,75
118434,75
317565,63
317565,64
407765,60
128106,78
147735,73
147735,73
147735,73
31672,72
31672,72
31672,74
31672,74
438780,69
438780,67
438780,67
190525,66
459000,65
459000,64
34420,72
34420,73
34420,73
40295,62
27478,78
27478,78
27478,78
192504,68
192504,68
192504,68
169569,72
169569,72
181333,70
181333,70
181333,71
181333,71
203755,74
203755,74
203755,74
203755,73
248437,69
248437,69
248437,68
440330,65
440330,65
40100,75
40100,73
40100,73
40100,73
3517,77
3517,76
750584,58
155075,64
24122,68
265727,68
265727,68
265727,68
265727,71
33840,70
169193,83
169193,83
169193,83
169193,83
210387,69
210387,68
560900,66
560900,66
46554,80
46554,80
571296,69
571296,69
571296,69
571296,67
277443,66
687572,57
687572,58
605848,68
605848,67
571681,57
571681,55
571681,55
281019,72
281019,72
50047,86
50047,86
50047,86
50047,86
26275,70
37479,75
37479,75
303089,71
280510,66
317156,73
317156,72
317156,72
317156,72
317156,71
317156,71
317156,71
129918,75
129918,75
129918,75
129918,75
111801,77
111801,77
111801,77
213649,66
213649,66
213649,66
213649,66
213649,66
256727,77
476771,72
476771,72
476771,72
476771,72
476771,72
476771,72
476771,72
476771,72
190741,70
190741,70
190741,70
420224,75
420224,76
209371,67
261332,65
261332,64
167285,66
167285,66
167285,66
466890,71
190493,65
190493,64
169752,67
169752,67
169752,67
32496,74
466482,66
188652,80
188652,80
188652,79
676625,63
676625,63
676625,63
676625,62
676625,62
676625,62
25816,72
25816,72
174093,70
174093,70
174093,70
634113,56
254455,67
254455,69
254455,70
210164,80
210164,79
210164,78
210164,78
264743,64
264743,64
264743,64
264743,64
46211,68
46211,68
37442,76
37442,78
114044,78
114044,78
114044,78
141662,69
183327,68
257855,76
257855,76
57067,73
57067,73
57067,73
57067,74
523390,72
213501,80
213501,80
213501,80
213501,80
213501,80
213501,81
75310,81
100033,74
100033,74
33586,71
41564,70
41564,71
282467,71
213489,75
213489,75
93484,73
93484,74
681965,63
681965,63
668307,72
668307,72
668307,72
668307,71
668307,70
668307,69
170316,67
38827,73
38827,74
244840,67
244840,67
668820,72
668820,72
384142,65
384142,65
309505,76
309505,75
309505,75
309505,75
309505,75
309505,74
108525,69
127224,71
127224,71
127224,70
127224,70
127224,70
127224,70
287333,69
287333,69
287333,69
287333,69
287333,69
614454,61
118359,66
118359,65
449492,73
164676,81
164676,81
164676,81
150323,81
127209,72
127209,72
127209,72
127209,72
127209,72
127209,72
70074,72
70074,72
70074,72
26818,77
26818,77
26818,77
26818,77
26818,77
26818,77
265799,66
265799,66
268039,68
268039,70
268039,72
570360,69
570360,69
470305,72
127888,71
450011,75
450011,75
450011,76
450011,76
450011,76
145561,76
40961,73
40961,73
201811,72
201811,72
201811,72
201811,72
201811,72
33025,76
33025,78
167491,64
167491,64
167491,64
167491,64
167491,64
167491,64
167491,64
150268,76
150268,76
150268,76
150268,76
150268,75
164333,80
164333,80
612863,57
95955,79
95955,79
95955,79
292772,71
292772,71
687288,65
246414,79
246414,79
246414,79
40956,73
209503,74
209503,74
209503,75
361770,80
361770,80
361770,80
605507,70
42352,71
42352,71
98382,65
98382,65
154265,73
154265,73
245423,66
245423,66
96968,76
251244,71
251244,71
251244,71
164238,69
178812,79
178812,79
178812,79
388523,70
388523,70
388523,70
281205,71
281205,71
150082,69
265918,70
38098,81
30902,85
30902,85
30902,85
30902,85
30902,85
30902,85
30902,84
309726,75
309726,74
309726,74
309726,74
309726,73
309726,72
309726,72
309726,72
309726,72
154239,76
154239,76
154239,77
154239,77
154239,77
27664,68
150393,70
39643,70
39643,71
39170,80
506364,67
506364,66
506364,66
506364,64
41865,74
41865,74
41404,72
41404,72
41369,70
41369,71
41369,71
24443,71
41879,73
150746,60
150746,60
30731,81
30731,82
57124,75
57124,75
57124,76
57124,76
25526,77
25526,77
25526,77
130113,64
130113,64
130113,64
130113,64
41878,68
41878,68
39841,75
449232,72
449232,72
449232,71
449232,71
449232,70
30424,79
30424,79
30424,79
36617,71
36617,71
42873,75
40495,73
40495,72
45435,64
192712,67
195724,78
195724,78
184360,71
173461,74
173461,74
173461,74
173461,73
173461,73
31045,81
31045,81
31045,81
172948,77
74744,65
32419,64
23528,69
23528,69
23528,69
23528,69
23528,69
23528,69
23007,67
23007,67
32593,68
32593,67
32593,67
32593,67
23866,67
23866,68
23866,68
160936,61
160936,61
160936,61
160936,61
160936,61
160936,61
17866,70
17866,70
357880,73
357880,73
68400,67
68400,67
68400,67
68400,67
68400,67
68400,67
68400,67
24161,67
24161,67
24161,67
24161,67
308236,69
3520,75
570463,70
10637,69
166422,75
166422,75
275760,59
275760,59
275760,59
47382,77
47382,77
47382,77
47382,78
183530,75
504613,65
103419,70
103419,70
103419,70
198453,74
198453,74
198453,73
198453,73
148314,72
148314,73
47193,65
47193,67
47193,67
432950,77
432950,77
432950,77
46509,86
105925,70
105925,70
89185,76
280485,74
49543,79
49543,78
49543,78
49543,79
27702,71
27702,71
163901,70
442735,68
442735,68
442735,68
27155,74
243509,70
265725,69
265725,69
265725,69
265725,69
265725,69
265725,69
265725,69
170660,66
170660,66
170660,66
170660,66
177683,67
177683,67
177683,67
280862,62
280862,62
280862,62
202562,73
202562,73
202562,73
202562,73
215419,70
215419,70
215419,70
215419,70
118850,65
167035,82
167035,81
413557,78
413557,78
413557,80
413557,79
413557,79
413557,79
413557,79
413557,79
413557,79
413557,79
71605,78
71605,78
71605,78
148331,65
148331,65
40659,76
40659,76
40659,76
40659,76
40659,76
40659,77
47194,71
47194,72
47194,72
564859,66
564859,66
564859,64
38614,69
196366,76
196366,76
38368,70
38368,70
188506,69
188506,69
188506,69
188506,69
188506,69
46892,72
656668,54
424918,70
424918,70
46653,71
184138,84
184138,84
184138,84
184138,84
184138,84
717270,61
717270,61
8893,61
441302,64
441302,64
16678,70
16678,71
16678,70
115253,63
115253,63
115253,63
115253,63
186948,64
150731,76
39738,66
39738,66
35324,75
11685,81
11685,81
11685,81
11685,81
11685,82
11685,83
11685,83
11685,83
32748,79
32748,79
32748,79
299374,72
299374,72
299374,72
299374,72
299374,72
299374,73
27734,77
27734,77
27734,77
27734,78
212772,65
41542,72
41542,72
41542,72
202553,73
182839,68
182839,68
298941,68
35644,78
39367,72
39367,73
39367,74
39367,74
39367,74
276738,76
276738,76
276738,76
276738,76
79737,77
79737,76
474448,75
474448,75
474448,75
474448,75
474448,75
35327,75
35327,75
35327,78
361760,69
74291,65
74291,68
74291,68
74291,68
496045,67
496045,68
496045,68
496045,68
496045,68
132111,58
562267,76
186975,70
70255,70
70255,70
209362,75
209362,75
209362,75
209362,75
209362,75
520659,69
520659,69
520659,69
520659,69
182776,70
182776,70
39792,83
39792,83
40451,78
40451,78
112656,68
112656,68
149584,70
149584,70
421441,60
421441,60
33028,82
33028,82
607148,72
607148,71
607148,70
30834,89
39070,69
39070,68
39070,68
39070,68
277460,77
277460,77
197560,63
197560,63
197560,62
263796,68
263796,68
263796,66
301023,74
301023,73
254704,64
254704,64
254704,62
448851,52
448851,52
107502,70
314966,62
314966,62
179411,65
37104,66
37104,66
37104,66
37104,66
37104,66
560413,58
560413,58
560413,57
103964,70
103964,70
26458,72
26458,72
26324,72
522765,70
110137,65
110137,66
110137,66
172388,74
172388,74
30922,77
30922,77
107717,73
107717,73
206669,58
206669,58
206669,58
38842,77
418137,74
173983,63
173983,63
173983,64
79982,72
168727,74
168727,74
168727,74
168727,74
168727,73
69611,72
46365,60
178424,61
178424,61
178424,61
69008,73
11743,70
11743,70
11743,70
19344,73
69686,68
69686,68
69686,68
69686,69
69686,69
69686,69
49939,85
49939,85
49939,85
80262,68
80262,68
107280,71
107280,71
38834,72
23354,79
171094,67
205278,79
595586,69
595586,69
595586,69
612212,64
612212,63
612212,63
612212,63
168744,70
168744,70
168744,70
168744,69
168744,69
168744,69
200964,67
200964,67
200964,67
70959,67
70959,68
26785,78
26785,78
184591,69
184591,69
72813,76
72813,76
72623,79
185699,62
56916,80
56916,80
56916,80
56916,80
56916,80
46228,69
27524,68
27524,69
352888,69
352888,69
39591,81
277821,72
277821,72
277821,72
173466,66
173466,63
479020,73
479020,73
119427,75
119427,75
119427,75
185386,66
185386,66
313825,67
313825,67
313825,67
313825,67
313825,67
115798,72
115798,75
601783,60
26111,80
26111,80
26344,77
150064,76
150064,76
30691,69
30691,71
30691,72
93488,73
46417,75
106013,74
72374,78
72374,78
488958,77
488958,77
488958,77
488958,77
488958,77
317932,66
317932,66
26109,69
496646,64
161415,71
161415,71
161415,71
161415,71
161415,71
161415,71
142282,70
32455,64
32455,64
32455,64
37889,66
680011,63
680011,62
680011,63
614453,70
614453,70
614453,69
614453,68
586678,65
586678,63
25551,70
68786,65
68786,65
68786,66
68786,66
450742,71
69374,64
206830,65
463843,59
198099,70
579206,56
579206,56
433675,69
433675,69
433675,65
433675,64
206662,62
206662,61
182075,62
182075,62
182075,62
275573,62
275739,65
275739,63
275739,63
104045,79
467480,67
27168,60
27168,61
155534,75
155534,75
30872,85
30872,86
306913,77
306913,77
306913,77
306913,77
210065,72
24399,63
155936,67
276121,76
276121,76
696404,53
696404,53
240538,73
240538,73
240538,72
209413,72
40651,70
40651,70
22991,71
22991,72
45749,80
643982,63
643982,63
643982,63
643982,62
643982,62
643982,62
68253,83
68253,83
246571,69
246571,69
435683,63
163160,68
163160,68
659463,63
659463,63
659463,63
659463,61
659463,61
232253,73
232253,73
232253,73
289248,71
289248,71
148830,72
148830,73
148830,72
148830,71
148830,71
148830,71
277390,64
89475,73
89475,73
210404,73
42706,69
42706,69
681383,58
681383,58
681383,58
681383,58
681383,58
145536,74
145536,73
145536,73
210146,73
210146,72
36518,70
36518,70
27484,64
27484,64
27484,64
394472,62
394472,62
210114,77
210114,76
210114,76
181619,68
181619,68
42258,62
280965,74
280965,74
280965,74
280965,75
280965,75
280965,75
104406,70
131995,77
26420,73
26420,73
644002,62
644002,62
644002,62
243482,69
243482,69
243482,68
72259,69
72259,69
40006,75
40006,75
26112,73
39993,70
39993,70
39993,69
157375,72
157375,71
157375,71
157375,70
107132,71
107132,71
107132,70
260964,62
260964,62
66583,67
66583,68
529285,74
39842,68
39842,67
303059,74
155052,66
155052,66
155052,66
503629,72
22964,71
179901,73
179901,73
179901,73
179901,73
179901,72
107408,62
107408,63
450493,69
450493,69
348408,72
294252,64
294252,64
294252,63
294252,64
294252,64
40274,71
40274,71
40274,71
40274,71
40274,69
291620,65
291620,64
25015,68
25015,67
25015,67
25015,68
294254,75
294254,74
393272,63
393272,63
47553,64
47553,65
30940,72
30940,72
197910,73
197910,73
197910,73
197910,73
197910,73
197910,72
197910,72
23021,72
174526,67
174526,67
174526,65
24741,71
58499,75
58499,75
96643,80
96643,81
96643,81
96643,81
46030,72
465730,68
465730,68
435684,59
200917,74
200917,72
242151,75
38431,72
175305,71
213823,69
213823,69
213823,69
213823,69
410424,67
635772,66
635772,64
38433,82
38433,82
38433,82
38433,82
40601,73
40601,73
40601,73
40601,73
40601,74
30934,68
30934,69
30934,70
154433,66
154433,66
154433,66
288622,69
288622,69
288622,70
25519,74
25519,74
25519,75
278341,69
69650,76
69650,76
515338,60
515338,60
515338,59
24583,72
24583,72
24583,72
24583,72
35442,70
35442,68
281110,67
37215,71
505059,67
505059,67
40197,69
40197,69
40197,69
258245,70
31306,80
31306,80
31306,80
432217,64
432217,64
12454,68
95615,69
95615,69
208929,74
208929,74
208929,74
208929,74
208929,74
26777,72
527103,76
527103,76
527103,76
200871,69
200871,69
200871,70
316688,66
316688,66
535800,65
535800,64
93041,75
67228,66
95793,62
80678,68
80678,68
210691,76
210691,76
210691,76
11796,64
11796,62
11796,62
115160,75
25920,78
25920,78
375782,64
375782,64
172888,76
172888,76
172888,76
172888,76
172888,76
172888,76
172888,76
41083,75
422685,75
422685,75
422685,75
361763,72
361763,72
361763,72
361763,73
361763,73
346111,66
346111,66
268273,74
268273,74
268273,74
268273,72
93471,68
93471,69
638778,71
638778,70
638778,69
252283,68
252283,68
212511,78
212511,78
395510,67
395510,67
395510,67
164363,64
164334,74
164334,74
164334,72
211780,71
406330,65
406330,65
406330,65
267911,80
267911,80
267911,80
267911,80
267911,80
267911,80
267911,80
424875,67
424875,64
424875,63
424875,63
74403,71
74403,71
74403,70
74403,70
575118,64
42479,81
42479,81
42479,81
193937,74
193937,74
26408,68
299799,72
299799,72
299799,72
299799,72
202633,73
202633,73
202633,73
202633,73
202633,73
202633,73
659493,64
659493,64
659493,64
147594,72
193859,71
193859,71
481694,66
481694,66
206679,74
206679,74
206679,74
128298,67
38229,78
38229,78
38229,78
179208,65
179208,65
179208,67
303179,70
303179,70
303179,70
452243,70
452243,70
361768,72
361768,72
361768,71
361768,70
361768,70
150922,73
150922,72
150922,72
642604,62
195283,65
195283,65
195283,63
195283,63
195283,63
111060,67
111060,67
111060,67
111060,66
172841,73
211849,64
211849,64
355739,67
166423,62
166423,62
166423,62
425255,72
425255,72
620128,53
693138,67
693138,62
562593,60
562593,60
562593,60
562593,60
31953,73
31953,74
31953,75
31953,75
31953,75
448810,55
448810,55
315888,63
292769,69
292769,69
37480,74
23371,63
214685,72
214685,72
214685,72
214685,73
40721,71
40721,71
23697,61
23697,61
358289,74
358289,75
358289,75
213694,71
213694,71
95230,70
95230,70
95230,68
38887,69
38887,69
38887,69
166648,82
166648,82
166648,82
166648,82
166648,82
166648,82
195717,74
195717,74
195717,74
195717,74
49940,74
49940,74
49940,74
49940,74
574654,69
174062,74
174062,74
174062,74
174062,76
570976,59
570976,59
317822,70
317822,70
317822,70
317822,70
25563,79
25563,79
112848,68
74721,70
493196,75
493196,75
37548,76
18923,67
566408,61
566408,58
34479,70
34479,70
34479,70
56972,76
569171,66
569171,66
38817,85
38817,85
38817,85
38817,86
75342,81
75342,81
75342,81
34543,70
562725,59
562725,59
562725,59
248154,68
208494,79
208494,77
19515,74
19515,74
46531,71
32675,76
32675,76
312561,60
201939,80
201939,80
201939,79
201939,79
201939,79
201939,79
201939,78
41194,70
41194,71
451982,59
154276,68
473858,69
726956,54
726956,54
726956,54
27512,72
71603,66
71603,67
71603,67
71603,69
160627,77
160627,77
160627,77
26287,67
26287,64
187279,69
187279,68
187279,71
659779,53
659779,52
659779,52
51953,77
51953,77
51953,77
159465,73
159465,74
72541,82
30472,67
30472,71
30472,72
33828,76
450293,67
39419,75
39419,75
39419,75
39419,75
30613,86
30613,86
30613,87
78314,71
92375,72
248169,67
33100,66
209439,69
209439,69
50638,78
93470,63
93470,64
78185,77
78185,77
78185,77
78185,77
78185,76
40570,67
40570,67
40570,67
40570,67
29581,73
743720,50
743720,50
743720,50
481106,62
720738,55
720738,55
213653,76
39109,75
187266,77
47333,68
289137,69
289137,69
480213,58
480213,58
480213,58
112119,72
722766,71
722766,71
722766,71
722766,70
722766,69
722766,68
722766,66
722766,66
722766,63
722766,61
520299,61
520299,61
520299,61
520299,61
40707,77
40707,77
279449,67
279449,66
426612,76
426612,74
148302,76
148302,76
148302,75
120737,70
120737,70
120737,70
120737,70
666954,70
666954,70
666954,68
666954,66
666954,66
666954,64
36133,67
43247,71
43247,71
43247,71
43247,71
113772,69
113772,69
23257,68
23257,68
38856,68
38856,69
38067,70
38067,71
38067,71
38067,71
38067,71
110947,63
110947,64
110947,65
110947,64
110947,64
110947,65
110947,65
110947,66
40137,61
34421,61
265363,72
265363,72
265363,73
94313,67
94313,66
47555,72
243248,69
21849,69
21849,69
17528,62
17528,62
23728,60
21914,63
21914,63
165823,83
165823,83
165823,82
165823,82
45496,68
34530,75
34530,76
34530,76
242887,76
242887,76
242887,76
242887,76
242887,76
242887,76
111068,69
148315,80
67890,70
67890,70
178804,75
178804,75
178804,75
178804,75
178804,74
157723,83
18664,67
43061,76
43061,75
43061,74
43061,73
43061,73
43061,73
27324,78
40290,69
355358,72
355358,72
355358,72
149219,75
149219,75
149219,75
149219,75
149219,74
149219,73
39535,75
39535,75
39535,75
448805,72
448805,72
448805,71
41727,67
688295,65
688295,64
688295,62
688295,61
688295,60
688295,58
688295,58
688295,56
688295,56
288349,71
288349,71
288349,71
288349,70
92252,68
92252,68
92252,67
25483,74
25483,74
25483,75
97727,68
97727,68
39541,66
39541,67
27774,77
27774,77
27774,77
281847,62
281847,62
281847,62
281847,62
185342,67
185342,67
185342,67
29543,69
29543,67
269788,78
269788,78
269788,78
269788,78
180126,74
180126,74
32581,74
40730,78
40730,78
277412,74
277412,74
277412,74
26916,71
26916,70
26916,70
200965,66
523758,53
523758,53
407747,58
407747,58
407747,58
154229,68
36029,67
303343,65
303343,65
314399,60
192711,71
32421,66
32421,66
32421,66
32421,66
728125,50
728125,50
728125,50
704523,62
94690,68
94690,67
94690,67
190010,67
207952,59
19020,77
19020,77
19020,78
408104,65
408104,65
31092,67
31092,67
31092,66
31092,66
298665,68
298665,68
298665,68
298665,68
319055,71
130670,72
130670,72
130670,72
161414,76
43303,69
30996,73
30996,74
103218,75
161660,79
161660,79
161660,79
161660,79
161660,79
161660,79
161660,79
161660,79
41852,72
41852,72
400962,64
474102,64
474102,68
114688,71
114688,71
114688,71
114688,71
71602,77
71602,77
71602,77
42294,65
41890,84
41890,84
41890,84
41890,84
41890,84
25366,77
25366,77
25366,77
25366,77
25366,76
25366,76
25366,76
181433,66
41874,72
113968,78
113968,78
26263,71
26263,71
31498,72
31498,72
31498,72
185518,65
185518,65
185518,65
35989,74
35989,74
35989,73
35989,73
35989,73
35989,73
118298,65
118298,65
41174,74
182925,76
182925,77
182925,77
311009,70
277444,71
277444,71
30956,80
23311,72
23311,72
266105,66
266105,66
266105,66
266105,62
266105,62
208699,67
208699,67
208699,68
35524,62
35524,62
38865,70
38865,70
38865,71
703659,51
703659,51
417756,61
462085,68
462085,68
611682,55
237562,62
237562,62
169721,73
470003,51
470003,51
571546,63
571546,63
571546,59
419765,63
419765,63
77727,65
77727,65
77727,65
295069,65
295069,65
295069,64
28081,73
318535,63
318535,63
318535,63
318535,63
318535,63
424391,68
424391,67
424391,64
424391,60
424391,60
424391,60
363359,70
611714,54
473852,76
473852,75
38581,70
43338,70
43338,70
103428,76
103428,76
32907,73
40548,72
40548,72
33693,68
46377,62
169162,66
169162,66
169162,66
169162,66
25075,75
32562,74
150596,71
150596,72
150596,72
109191,62
419136,62
419136,62
419136,62
443967,56
443967,52
443967,52
408981,53
473822,57
473822,57
473822,57
473822,57
528508,71
361340,67
361340,68
243608,68
243608,68
359189,63
359189,62
439933,69
274456,64
46297,79
46297,78
46297,79
46297,79
500791,69
500791,69
500791,69
18590,64
18590,64
18590,64
18590,64
287226,66
287226,66
287226,66
287226,66
287226,66
114339,74
574845,63
574845,63
574845,61
574845,61
24791,75
24791,75
24791,75
115330,71
115330,72
282692,72
282692,72
282692,71
282692,71
42650,67
42650,67
26310,75
26310,76
26310,76
26310,76
12766,70
58294,71
183544,70
213704,78
213704,78
213704,78
213704,78
213704,78
213704,78
30906,73
30906,73
24970,76
24970,76
39229,70
50449,69
50449,69
179059,68
179059,68
179059,67
640725,61
640725,60
640725,57
640725,56
24658,76
24658,76
24658,76
291854,63
291854,63
291854,63
291854,63
30577,73
30577,73
40687,67
307015,66
526230,65
526230,65
38920,77
38920,77
38920,77
38920,77
38920,77
38920,77
38920,77
512747,70
512747,70
512747,69
512747,68
512747,68
522750,71
522750,70
522750,69
522750,69
522750,69
522750,69
611840,69
356400,57
356400,57
161012,79
161012,79
161012,79
161012,78
161012,78
161012,77
161012,78
161012,81
33967,65
77813,69
101969,76
101969,77
101969,76
196238,68
196238,67
56867,72
56867,72
173393,64
173393,63
173393,63
309892,54
309892,54
195335,76
208315,66
46726,75
46726,75
23030,74
23030,75
473859,64
473859,64
473859,64
172610,67
93347,70
93347,69
26345,72
26345,73
93348,70
40701,64
40701,64
196186,66
196186,66
196186,65
196186,65
46810,71
46392,66
46392,66
46392,66
151058,69
151058,70
151058,70
183497,69
56846,70
433311,74
433311,74
183348,73
183348,73
580704,70
174634,68
174634,68
174634,67
25984,77
25984,77
25984,80
25984,80
33988,84
436036,70
436036,70
436036,70
181379,72
181379,71
37342,64
94915,74
94915,74
35828,68
317277,54
317277,54
317277,54
188058,69
188498,78
188498,78
188498,78
40957,70
40957,70
40957,70
40957,70
282674,82
282674,82
531629,74
531629,74
42052,72
42052,72
42052,71
42052,70
42052,69
26399,74
177698,65
432389,60
432389,60
141145,79
141145,79
141145,78
141145,78
535957,64
23823,68
175806,60
175806,59
175806,59
177720,77
38759,70
38759,70
38759,70
38759,70
24138,71
24138,71
24138,72
172768,67
172768,68
172768,68
172768,69
172768,69
40523,72
40523,72
40523,72
40523,70
40523,70
42231,63
388793,63
277935,66
277935,66
111858,73
111858,74
75307,82
75307,82
114664,65
114664,64
114664,64
295060,60
295060,60
43158,67
43158,67
43158,67
43158,67
282295,62
282295,62
282295,64
282295,64
207118,71
207118,71
207118,71
97734,74
97734,75
32088,64
27371,62
27371,62
27371,62
28110,64
28110,64
74169,77
74169,77
74169,77
74169,77
74169,77
193176,70
193176,70
193176,70
195413,78
195413,78
195413,78
195413,78
195413,78
195413,78
34952,76
34952,75
34952,75
34952,75
42387,70
42387,70
41536,71
41540,74
41540,74
41540,74
41540,74
41540,75
30682,82
30682,82
30682,82
30682,82
30682,82
27672,70
37541,70
24793,76
24793,75
42692,76
42692,76
27675,67
358155,78
358155,78
358155,78
358155,78
585237,69
585237,69
585237,68
585237,68
119839,66
119839,66
25751,76
25751,76
25751,75
30477,73
362120,73
362120,73
362120,73
362120,73
362120,73
362120,73
130155,74
130155,74
130155,74
130155,74
209312,75
209312,74
210704,75
210704,75
210704,75
240235,80
240235,80
240235,80
240235,80
240235,79
27708,68
27708,68
27708,68
27708,68
27708,68
19249,78
208077,80
208077,81
208943,67
208943,67
570432,78
417818,69
173317,76
173317,75
173317,75
173317,74
173317,74
173317,74
32891,61
143512,68
143512,68
45462,67
162679,74
162679,73
33941,59
33941,59
46353,78
46353,77
46353,77
49571,72
49571,72
49571,71
49571,71
49571,71
254472,65
254472,61
254472,61
113836,79
113836,79
113836,79
469296,61
469296,61
38432,80
38432,80
38432,80
491168,60
179522,69
355744,57
355744,57
355744,57
39304,74
133201,63
133201,63
29529,68
104646,71
104646,71
104646,70
104646,70
460004,64
460004,64
460004,64
467511,63
47155,70
158278,68
158278,68
158278,68
158278,68
687687,53
687687,53
687687,53
687687,53
687687,53
30977,65
30977,66
68836,58
69328,58
309050,63
357288,58
357288,58
357288,58
357288,58
164695,66
304855,70
304855,70
304855,70
304855,70
119014,73
119014,74
119014,74
119014,73
119014,73
449205,59
449205,59
609733,66
609733,66
609733,66
609733,66
609733,64
609733,64
609733,64
609733,64
23949,73
24148,75
206592,69
445515,56
445515,56
445515,56
445515,56
32449,68
32449,68
32449,67
33048,67
33048,68
37780,73
37780,72
37780,72
37780,72
638613,62
638613,62
638613,61
158841,71
158841,72
158841,72
181258,64
244904,70
244904,70
289278,67
289278,66
289278,66
24410,73
24410,73
24410,73
24410,73
24410,73
354792,53
196221,69
196221,69
196221,69
196221,69
196221,69
18904,75
18904,75
121633,85
121633,85
212715,66
212715,66
212715,63
41294,74
41294,74
41119,61
35983,64
35983,64
35983,64
35983,64
35983,64
37456,69
165518,58
187189,68
187189,68
187189,68
187189,68
187189,68
187189,68
182917,87
182917,86
182917,86
178291,64
41216,68
41216,68
41216,69
41216,69
24234,67
24234,67
24234,67
24676,68
24676,68
31643,66
31643,66
74991,70
50051,69
32465,68
32465,68
32465,68
32465,68
32465,68
32465,68
32465,68
104411,68
104411,68
610668,67
610668,67
610668,65
610668,65
610668,64
610668,63
610668,63
25415,71
246218,70
553597,63
215584,76
215584,76
215584,76
33866,70
193870,67
131583,71
131583,71
131583,71
166768,57
289217,65
289217,65
30276,75
30276,75
41175,69
23190,71
23190,71
50065,78
37545,76
37545,77
37545,77
34259,65
30918,73
30918,74
30918,74
30918,74
37459,86
37459,86
358339,74
358339,74
35477,72
35477,72
607134,55
206698,66
206698,66
243163,74
40563,68
30909,81
30909,81
308936,52
181262,65
181262,65
42276,65
103266,79
103266,79
103266,79
103266,79
201617,61
201617,61
39222,70
39222,70
24500,72
24500,72
612755,65
612755,65
612755,65
612755,63
39435,70
39435,70
183076,67
183076,67
183076,67
97487,67
97487,69
39722,65
150466,75
150466,75
244811,76
244811,76
244811,76
244811,73
244811,73
244811,74
41670,65
41670,67
501568,72
37937,70
41005,69
41005,70
178765,77
178765,76
502543,63
502543,63
502543,63
502543,63
502543,63
463806,63
463806,63
463806,63
13538,66
13538,66
13557,61
13557,61
213111,64
444186,65
444186,65
74672,72
74672,72
22894,69
22894,69
22894,69
22894,69
22894,69
34437,70
34437,71
24411,71
24411,71
432040,71
432040,71
432040,70
410359,68
410359,68
410359,69
410359,69
410359,68
127712,70
127712,70
191616,72
191616,72
309537,72
309537,72
309537,72
308309,65
179009,70
114268,79
363333,77
363333,76
363333,74
363333,74
363333,73
363333,72
363333,72
363333,72
210978,64
210978,64
210978,64
115429,73
492586,68
492586,68
490181,66
490181,66
512730,65
512730,65
512730,65
171250,71
359197,79
359197,79
359197,79
359197,78
359197,78
359197,78
149150,72
149150,72
155639,69
79248,71
79248,71
166717,64
166717,63
166717,65
166717,63
166717,63
166717,62
166717,62
396884,62
396884,62
396884,62
282281,79
282281,79
282281,79
282281,79
282281,79
282281,79
282281,78
282281,78
212870,61
212870,61
212870,61
212870,59
212870,58
97521,68
97521,68
97521,67
208743,68
208743,68
208743,68
208743,68
208743,67
208743,66
26994,65
26994,66
614163,60
352023,70
94891,70
94891,69
94891,66
94891,65
94891,65
94891,64
94891,65
39940,66
39940,66
39940,66
39940,66
39940,66
33338,76
33338,77
210126,71
210126,70
210126,70
145538,67
141113,75
141113,75
39844,64
39844,64
39844,65
39844,65
282012,77
282012,77
725718,60
725718,60
35439,61
39660,59
39660,59
39660,61
39660,65
78409,65
78409,65
478987,73
478987,73
478987,74
68552,74
562801,68
166675,71
166675,71
602836,64
602836,63
476769,76
476769,76
192899,75
192899,75
192899,75
192899,75
192899,75
112117,69
112117,69
112117,68
112117,68
25253,65
292773,67
30822,81
30822,81
30822,81
30822,81
30822,81
30822,81
30822,81
47357,70
47357,71
47357,71
47357,72
47357,72
107806,70
96613,82
30820,80
36391,72
36391,73
38139,75
38139,75
38139,76
38139,76
570434,70
570434,68
24383,74
24383,77
56868,57
161396,73
161396,73
19243,85
19243,85
70891,74
70891,74
182791,71
182791,71
182791,71
182791,71
182791,71
183059,69
183059,69
183059,68
183059,67
183059,65
183059,65
183059,65
183059,65
150395,71
150395,71
150395,71
150395,70
150395,71
303227,72
303227,71
56678,86
51321,63
429988,73
429988,73
429988,73
429988,73
429988,73
429988,73
429988,72
429988,72
420568,73
420568,72
420568,70
420568,70
361778,72
361778,72
361778,74
361778,74
41466,79
41466,80
41466,81
213504,73
213504,73
30549,78
30549,79
30549,79
184132,71
101422,79
101422,79
101422,79
101422,79
101422,79
201111,75
297579,77
244377,69
244377,69
244377,69
244377,69
244377,69
244377,69
167069,68
167069,68
18384,77
18384,77
89476,72
89476,72
89476,72
38369,78
38369,78
38369,78
521204,70
521204,70
150498,64
150498,64
27430,80
37558,69
478345,70
261609,71
277335,61
277335,61
277335,61
25496,83
25496,84
25496,84
25496,84
25496,84
25496,84
25496,82
358937,71
641168,54
641168,55
496648,64
10491,70
10491,71
10491,71
277848,69
154267,72
154267,72
242783,77
242783,77
570461,74
570461,74
570461,74
570461,73
208926,71
208926,71
543969,67
139898,67
37139,77
37139,77
37139,77
37139,77
37139,77
41165,72
41165,72
41165,72
41165,71
426202,76
426202,76
426202,76
185000,69
185000,70
101197,72
101197,72
101197,72
101197,71
101197,70
101197,69
74838,68
74838,68
74838,68
74838,68
41605,71
281338,72
281338,72
281338,73
281338,73
281338,73
281338,72
486819,63
474682,74
198500,55
154192,65
154192,65
31088,72
31088,72
31088,71
31088,71
31088,71
31088,71
308842,58
688876,65
688876,65
688876,65
688876,61
177874,73
177874,73
177874,73
177874,73
279861,64
300978,66
300978,66
300978,66
300978,66
300978,66
300978,66
340790,60
364520,81
364520,81
364520,81
364520,81
41882,79
42691,73
74435,72
36934,75
36934,75
591734,68
591734,68
591734,68
591734,68
591734,68
470026,55
206795,66
206795,66
206795,66
206795,66
206795,66
213061,71
213061,71
213061,70
29255,68
29255,68
27485,69
303800,75
303800,74
96598,65
32942,66
169709,61
169709,61
169709,58
169709,58
410017,65
410017,65
410017,65
242308,71
612836,69
612836,68
719413,64
719413,64
719413,64
719413,63
178261,66
178261,66
178261,63
186805,73
158263,75
158263,75
158263,75
158263,75
35495,71
69030,70
69030,70
69030,71
69030,72
25674,62
159394,76
159394,76
156726,83
156726,83
156726,83
110147,73
110147,73
110147,74
110147,75
110147,75
120621,73
120621,74
172116,72
173484,73
173484,73
173484,73
173484,73
46104,81
46104,81
46104,81
243481,69
37450,73
77778,69
77778,69
75445,72
520230,67
520230,67
520230,64
30983,79
30983,79
17869,72
22824,70
94267,78
94267,78
26368,70
26368,70
26368,71
26368,72
26368,72
116555,77
116555,77
116555,77
116555,77
116555,77
116555,77
116555,77
116555,77
116555,76
363340,71
361341,69
139635,60
196864,64
196864,63
196864,62
196864,62
196864,61
258206,59
440404,58
440404,57
482200,67
482200,67
265277,66
265277,66
78902,65
78902,66
78902,66
97331,67
97331,67
369859,69
107417,88
268394,74
268394,74
268394,74
268394,74
268394,74
268394,74
268394,76
268394,76
362198,79
362198,79
362198,79
362198,79
362198,79
80561,69
80561,71
150026,75
363364,73
363364,73
363364,72
477493,73
30920,73
30920,73
30920,76
184590,69
184590,69
179491,74
179491,74
179491,75
278917,73
278917,73
183585,69
183585,69
15403,80
15403,80
15403,80
15403,80
15403,80
15403,80
19436,71
49677,85
451335,67
451335,67
451335,67
365245,71
365245,71
365245,69
365245,69
365245,69
37390,66
37390,66
37390,67
362121,70
362121,70
362121,68
26489,72
299052,64
299052,64
299052,64
299052,66
299052,66
150647,66
213707,66
213707,66
121881,74
121881,75
50661,78
41704,73
168232,63
27974,65
27974,66
212170,66
212170,66
212170,66
212170,66
144989,69
144989,70
144989,70
111885,68
111885,68
111885,69
26148,73
26148,74
56576,72
56576,72
56576,72
56576,72
56576,72
79742,73
33074,72
33074,71
33074,70
33074,71
20747,69
307226,57
307226,57
307226,57
307226,57
40198,74
40198,74
207045,60
207045,61
207045,61
156551,79
156551,79
215804,69
148329,64
148329,64
148329,64
11758,77
26675,75
26675,75
46344,63
46344,65
46344,67
46344,67
96456,68
33408,67
33408,67
574642,64
574642,64
26423,65
192326,68
192326,68
192326,68
192326,68
192326,68
192326,68
150242,74
150242,74
150242,74
150242,74
67349,67
293160,77
293160,77
293160,77
467467,62
188529,57
240346,73
240346,73
240346,73
317775,73
24167,68
24167,68
24167,68
38332,63
38332,63
38332,63
42041,73
167634,77
167634,77
167634,77
167634,76
167634,76
167634,76
167634,76
167634,76
300236,70
300236,70
163557,69
164395,68
164395,68
24516,75
24516,75
24516,76
24516,76
24516,76
24516,76
24516,77
259306,67
259306,67
259306,67
259306,68
205940,69
205940,69
205940,69
18784,70
18784,70
18784,70
268375,66
268375,66
268375,66
268375,66
34008,77
34008,77
34008,77
34008,78
279172,72
279172,73
41671,80
41671,80
41671,79
168295,65
168295,65
168295,65
129819,71
103904,71
103904,70
40487,70
40487,70
30960,78
30960,79
30960,79
192325,74
192325,74
192325,74
192325,73
192325,73
561219,65
561219,65
42420,70
30935,75
183670,75
183670,75
183670,75
183670,75
183670,76
159596,68
687289,63
687289,63
687289,62
128666,72
35472,61
35472,64
24217,74
307021,75
37823,66
37823,66
37823,66
38536,71
622233,65
141576,65
170341,76
181054,70
464486,69
195927,76
195927,76
195927,76
195927,76
161655,70
161655,70
161655,70
161655,70
161655,70
161655,70
282461,66
282461,66
282461,66
67389,61
67389,60
519575,70
34000,74
34000,74
34000,74
186815,68
514802,55
514802,55
514802,55
514802,55
116085,65
116085,65
116085,65
116085,65
116085,65
116085,65
705484,52
705484,52
257843,66
257843,66
210406,75
574200,80
574200,79
574200,78
574200,78
574200,77
361315,76
361315,75
361315,75
361315,74
361315,74
331528,77
331528,77
62358,76
62358,76
94812,70
94812,70
94812,70
95082,77
95082,77
95082,78
95082,78
207517,69
207517,69
335606,68
335606,68
335606,68
335606,68
335606,68
335606,68
99323,67
99323,67
112471,69
112471,69
112471,69
72393,64
72393,67
36050,66
36050,66
36050,63
71898,71
71898,71
71898,71
174850,80
174850,80
174850,80
411616,70
411616,70
37194,75
37194,75
37194,75
166471,74
177942,76
177942,76
177942,76
158886,69
158886,69
158886,69
38231,67
38231,69
183331,66
183331,66
97789,72
97789,72
97789,72
45413,74
45413,73
45413,73
42971,70
112107,74
112107,74
214984,69
214984,70
214984,70
214984,71
30930,78
46079,72
150747,74
150747,74
150747,74
27420,77
497753,64
29580,68
19264,75
19264,75
19264,75
19264,75
181066,66
108568,81
108568,81
108568,81
281111,75
281111,75
281111,75
281111,76
118730,71
118730,72
290411,65
199916,69
199916,69
18925,78
18925,78
25753,72
215768,69
18820,73
406283,52
406283,50
406283,49
78324,77
78324,77
95228,75
95228,75
95228,75
114963,73
310355,70
310355,70
310355,70
37357,78
37357,78
42297,75
42297,77
42297,77
115297,69
115297,69
115297,70
115297,70
115297,70
189982,77
189982,77
189982,77
189982,77
605654,70
605654,70
605654,70
605654,69
41666,67
41666,66
124127,74
124127,74
124127,74
317937,60
317937,60
38435,74
94323,76
94323,75
95513,65
95513,65
95513,65
354475,64
354475,64
184822,75
184822,76
361751,71
29590,80
113239,67
113239,67
113239,67
113239,67
113239,67
113239,67
164141,69
181357,71
181357,71
181357,72
388522,72
195809,65
195809,65
98361,70
98361,70
39540,78
39540,78
39540,78
39540,78
150176,73
150176,74
47566,75
47566,76
47566,77
154867,70
363363,66
30929,77
30929,77
670927,56
22283,72
22283,72
22283,72
113318,75
113318,75
93317,71
93317,71
93317,71
93317,71
147614,74
147614,74
147614,74
178770,68
178770,67
178770,66
187017,78
187017,78
187017,78
187017,78
33114,54
33114,54
279173,76
279173,76
279173,76
279173,76
279173,76
466480,64
466480,64
466480,64
244136,70
244136,70
244136,70
244136,70
27658,68
27658,70
450812,63
450812,63
450812,63
450812,63
365624,71
414245,77
414245,77
414245,77
414245,77
414245,77
414245,76
414245,75
414245,75
150388,66
244816,70
438507,67
438507,63
181921,72
181921,72
181921,72
95509,77
155050,78
155050,78
165709,70
165709,70
165709,70
39599,79
39599,79
39599,80
528439,71
474680,74
474680,74
474680,74
41497,73
41497,73
42524,69
42524,69
522203,70
522203,68
522203,66
309539,68
309539,67
309539,67
127207,71
251384,73
251384,73
251384,73
251384,72
251384,72
251384,72
118508,76
118508,75
118508,74
118508,74
118508,74
118508,74
118508,74
118508,74
601304,58
601304,59
230190,79
230190,79
230190,79
230190,79
230190,79
717248,64
717248,64
717248,64
717248,64
41622,78
188533,73
127370,69
127370,69
33888,79
33888,79
33888,79
33888,79
33888,79
101434,78
20396,74
20396,74
101201,72
101201,72
129462,73
27719,73
27719,73
27719,73
23587,72
23587,72
23587,72
237541,72
164259,71
164259,71
637753,62
637753,62
637753,59
637753,59
614212,63
614212,63
177953,75
177953,75
177953,75
177953,75
177953,75
177953,75
177953,75
505866,66
40196,80
40196,80
40196,80
150024,69
150024,70
37604,72
37604,72
211146,69
211146,69
36154,76
36154,76
36154,76
36154,75
265123,72
265123,72
265123,72
265123,70
356068,68
293360,62
293360,62
304014,74
304014,75
68411,69
68411,69
68411,69
68411,69
47563,75
47563,75
47563,75
47563,74
47563,74
47563,74
47563,73
56829,82
520349,63
11555,72
30853,79
30853,79
183547,71
183547,71
101103,78
175646,77
175646,77
175646,77
33773,74
93332,64
93332,64
202610,72
243490,62
27412,73
27412,74
106292,76
106292,76
106292,76
106292,77
106292,78
106292,78
106292,79
178538,75
178538,75
178538,75
178538,75
287337,73
502931,57
502931,57
176718,64
176718,64
176718,64
176718,64
281012,79
281012,79
281012,78
281012,77
206809,66
387723,65
387723,64
259439,70
259439,70
259439,70
259439,70
259439,70
259439,69
259439,69
287341,69
287341,68
287341,68
213184,62
41167,82
41167,82
45701,55
244970,64
244970,64
244970,64
244970,64
74305,70
74305,70
74305,70
74305,70
35852,74
35852,74
35852,74
35852,74
35852,74
35852,74
35852,74
35852,74
206901,64
206901,64
206901,64
26078,66
26078,66
26078,66
26078,66
26078,67
179818,69
179818,70
179818,70
179818,70
179818,70
26291,75
41195,66
210423,68
210423,68
210423,68
466501,64
466501,64
466501,64
37379,69
617044,68
617044,68
617044,68
617044,68
617044,66
617044,65
617044,65
617044,65
617044,63
617044,63
291015,67
291015,67
94876,68
94876,69
610359,54
610359,59
610359,59
45272,73
184521,73
184521,73
26118,69
276760,72
276760,72
276760,71
276760,71
276760,71
277439,68
277439,68
25813,62
254308,76
254308,76
362187,62
362187,61
362187,61
599425,72
351055,60
351055,60
351055,60
179798,70
179798,70
215245,73
131991,75
131991,75
131991,75
131991,75
489501,64
489501,62
24157,71
24157,71
105827,71
105827,71
73024,79
73024,78
73024,78
73024,77
73024,76
181920,74
27558,71
27558,71
27558,71
40656,71
40656,71
40656,71
40656,71
155254,69
364108,68
41694,73
41694,73
41694,73
41694,73
74034,76
74034,76
74034,76
74034,74
74034,74
166554,66
166554,66
27680,63
24414,71
24414,74
41735,72
41735,72
41735,72
37457,71
30714,79
30714,79
30714,79
159594,79
159594,79
159594,79
37753,63
37753,63
46458,70
46458,70
746419,59
241825,80
241825,80
241825,80
241825,80
40672,80
45440,72
33605,70
33668,64
33668,64
543288,67
543288,67
543288,66
543288,65
543288,65
131531,72
501543,61
30924,86
26264,70
26264,70
145070,76
145070,76
27663,75
27663,75
27663,75
27663,75
34485,65
129326,73
129326,72
129326,72
129326,72
49825,77
49825,77
49825,77
49825,78
212644,68
212644,68
270774,80
270774,80
270774,80
270774,80
270774,79
270774,79
178802,70
178802,70
178802,70
178802,71
178802,72
150007,64
46712,70
26162,72
26162,72
564856,71
447455,64
447455,64
447455,64
447455,64
447455,64
447455,62
26216,73
26216,73
195706,71
195706,71
309083,73
309083,73
309083,71
429847,64
429847,64
429847,64
30631,77
30631,78
26708,67
26708,68
174853,73
174853,71
174853,71
37257,58
95336,76
95336,76
23069,62
30995,77
30995,78
118390,70
191583,70
346651,70
346651,70
346651,70
346651,69
346651,69
612747,68
612747,69
658657,65
143752,71
143752,70
143752,70
361379,72
149174,65
231753,74
231753,74
149334,66
149334,67
149334,67
180283,68
41199,80
41199,80
323438,72
323438,72
323438,72
74077,77
101586,65
171786,68
171786,68
150248,68
150248,68
748432,58
33635,81
23264,74
23264,74
23264,74
535938,67
535938,67
535938,67
39968,69
39968,69
40621,77
177503,78
177503,78
177503,78
177503,78
39233,74
39233,74
39233,73
202341,70
202341,70
202341,70
202341,70
202341,70
202341,70
103424,74
41807,61
41807,61
155260,73
155260,73
155260,73
155260,73
41478,69
277384,64
212416,63
212416,63
212416,64
212416,65
212416,65
31291,79
31291,79
31291,80
40758,68
40758,68
30739,65
26222,73
426873,73
426873,72
426873,72
426873,71
159839,68
159839,69
245287,69
561611,63
36552,66
36552,66
414856,72
414856,72
414856,66
414856,66
414856,66
414856,66
74044,63
74044,63
400957,66
400957,66
400957,66
115980,72
391038,60
31921,87
31921,87
31921,87
32441,75
302912,73
302912,73
302912,73
23783,82
23783,82
23783,82
5272,67
5272,67
5272,67
77664,63
77664,63
77664,58
79320,64
79320,64
35787,62
35787,62
282251,67
282251,67
282251,67
282251,65
37774,66
37774,66
37774,66
35905,74
35905,74
35905,74
35905,74
57078,69
57078,69
57078,69
243160,69
36802,60
36802,60
36802,60
36802,60
36802,60
36802,60
36802,60
49970,81
49970,81
49970,81
49970,81
49970,81
49970,81
24393,70
24393,69
24393,69
35751,66
35751,66
35751,66
35751,66
168673,65
168673,65
168673,65
168673,65
267260,68
267260,68
267260,68
267260,68
441883,75
441883,74
441883,74
190872,77
190872,77
190872,77
190872,77
190872,77
169806,68
169806,68
315460,70
315460,70
315460,70
315460,70
315460,73
315460,73
315460,73
50027,72
420731,63
420731,63
105826,60
209815,59
209815,59
419791,68
419791,68
575225,75
575225,76
164209,62
166452,74
166452,73
166452,73
166452,73
39273,66
67329,65
67329,64
119541,76
119541,76
119541,71
46705,77
46705,77
214972,76
214972,76
214972,76
214972,77
104389,75
29471,73
29471,73
29471,72
32304,70
32304,70
32304,70
32304,71
23435,62
23435,62
23435,64
23435,66
186497,63
186497,63
186497,63
186497,63
186497,62
45588,72
45588,72
45588,71
45588,70
501940,64
501940,64
189910,69
189910,69
189910,69
189910,69
189910,69
189910,68
473855,75
473855,75
473855,72
180134,74
180134,74
180134,74
180134,74
108038,80
108038,80
269806,66
269806,66
269806,66
269806,60
281747,66
281747,66
246438,75
274156,70
274156,71
274156,71
274156,71
33339,74
32678,76
35421,75
35421,75
35421,76
186991,73
186991,73
97491,77
245555,79
362711,74
362711,74
362711,74
307302,68
307302,69
307302,69
307302,70
307302,68
95614,71
95614,71
37950,80
37950,80
257540,66
73172,71
73172,71
127460,80
127460,80
127460,80
127460,80
127460,80
127460,79
24549,74
24549,74
24549,74
24549,74
24549,75
24549,75
27731,73
27731,73
27731,73
667968,67
540073,62
118616,76
118616,76
27684,72
27684,71
252650,70
252650,70
252650,69
566785,68
566785,68
232152,59
232152,59
232152,59
232152,59
232152,59
150410,74
150410,74
30717,84
618878,73
618878,71
618878,70
186831,78
186831,77
196805,68
39428,67
31731,68
31731,69
39201,69
268306,67
553557,65
553557,65
553557,63
553557,63
80265,70
206429,71
206429,72
206429,72
387499,69
387499,69
387499,69
387499,69
387499,69
387499,69
23019,71
24475,64
24475,64
538333,65
538333,65
538333,60
187669,71
187669,71
41116,74
518535,63
230476,74
230476,74
453973,68
453973,68
41884,86
41884,86
41884,86
41884,86
72545,70
72545,71
72545,71
187336,72
187336,72
72532,72
150066,67
150066,68
150066,68
41157,79
39357,69
39357,69
39357,69
39357,69
79246,76
79246,76
191080,74
191080,74
191080,74
39207,71
39207,71
39207,71
77767,69
77767,70
77767,70
77767,69
244835,71
42393,63
42393,63
42393,63
42393,65
670928,60
670928,60
670928,56
183039,66
183039,66
38699,78
38699,78
38699,78
38699,78
41432,74
41432,74
41432,74
41432,74
41432,75
41432,75
430995,63
430995,64
430995,67
34036,77
241501,67
22928,68
22928,69
35523,72
23253,76
23253,76
23253,76
426880,72
426880,72
426880,71
518663,73
518663,73
518663,73
518663,72
518663,71
518663,71
518663,71
166302,72
25818,77
25818,78
25818,78
164385,79
164385,79
164385,79
164385,80
23947,72
23947,72
23947,74
23947,74
536455,73
536455,73
388514,71
388514,71
388514,71
388514,71
388514,71
361700,65
37273,69
213922,70
213922,70
213922,70
27427,81
27427,81
56686,77
56686,77
434404,73
434404,73
434404,71
42534,65
25759,86
25759,86
25759,86
25759,86
25759,85
25759,85
49885,72
38458,81
38458,81
93223,64
114212,57
25597,74
25597,74
25597,74
25597,74
38540,75
38540,75
33764,79
157252,72
157252,72
557356,60
180274,73
166963,65
166963,65
166963,65
166963,65
32734,74
23772,58
632488,60
632488,60
632488,60
632488,56
94044,68
94044,68
94044,68
207236,82
207236,82
207236,82
127140,62
127140,62
202180,69
202180,69
24698,67
24698,67
24698,67
430429,53
430429,53
23425,66
23425,65
23425,65
23425,65
23425,64
23425,65
448812,58
448812,58
448812,56
210858,65
210858,67
41896,67
41896,67
41896,67
41896,67
744907,53
744907,53
744907,53
171803,63
265924,73
265924,73
265924,73
265924,75
240790,66
26327,66
26327,66
21776,66
21776,66
41240,68
154230,76
109651,78
562695,66
562695,65
69238,65
68835,62
154232,82
115724,67
115724,67
115724,67
114822,64
114822,64
114822,64
114822,64
13480,67
13480,67
154949,75
154949,75
154949,75
39726,74
267894,72
150407,71
426878,68
40139,78
196824,69
267863,74
267863,74
267863,74
267863,74
267863,74
166679,67
38253,76
38253,75
38253,73
279874,67
279874,65
92026,66
92026,66
92026,69
42771,69
42771,69
42771,69
42771,70
203527,74
465614,68
465614,68
465614,66
25560,66
157630,77
157630,77
18673,77
18673,77
500602,72
500602,72
500602,72
500602,72
500602,72
263952,66
263952,67
263952,68
263952,67
172346,69
106373,66
30668,68
30668,70
276119,62
276119,62
276119,62
276119,62
276119,62
157729,79
157729,79
157729,78
157729,78
157729,78
41930,71
41930,71
171548,72
37292,78
37292,78
37292,78
37292,77
20125,70
20125,70
20125,70
304733,79
304733,79
360559,78
360559,78
360559,77
113005,66
113005,66
113005,66
35997,75
610534,58
610534,58
610534,58
426892,75
426892,75
426892,75
426892,73
212285,72
212285,72
212285,72
212285,73
23355,70
23355,70
23355,68
23355,68
27300,72
27300,74
129241,67
129241,67
232299,70
485047,68
203666,75
394462,70
394462,70
394462,70
394462,70
384343,63
384343,63
384343,63
384343,63
170775,76
388903,59
388903,59
128946,65
128946,65
128946,64
73574,70
73574,70
73574,70
73574,71
73574,71
73574,71
73574,71
502420,67
502420,67
155129,73
155129,73
194165,82
194165,81
194165,81
39793,69
39793,69
39793,69
39793,70
39793,71
39793,71
46649,66
684552,60
26163,82
26163,81
26163,81
26163,81
26163,81
26163,81
477167,68
477167,68
477167,68
477167,68
427438,77
427438,77
37507,69
409005,69
409005,69
409005,67
274623,77
70812,79
207523,68
207523,67
207523,67
207523,66
127894,69
127894,69
183158,67
183158,67
183158,67
30994,74
80291,68
260708,63
361723,72
361723,72
40958,74
40958,74
470546,66
470546,66
470546,63
470546,63
470546,63
102716,71
102716,71
102716,72
40963,78
343797,67
343797,67
290018,60
37532,69
39142,73
39142,74
132701,61
132701,61
41360,76
94010,77
94010,77
94010,77
26476,66
31241,70
31241,70
31241,70
31241,70
31241,70
73167,85
73167,85
73167,84
73167,84
73167,83
73167,83
73167,83
73167,83
73167,83
474131,74
474131,73
474131,73
474131,72
474131,72
474131,72
474131,72
97486,73
128037,76
26348,67
26348,67
113627,69
113627,69
113627,69
88986,74
88986,74
88986,74
243781,71
21446,80
21446,80
21446,80
21446,80
21446,80
281558,75
103714,70
103714,70
103714,70
40520,69
40520,69
212867,77
212867,77
212867,77
30455,76
684002,69
684002,68
684002,66
684002,64
351875,68
351875,68
467024,68
467024,67
467024,66
26138,78
116645,72
115847,77
115847,77
179759,67
94886,80
94886,80
94886,80
129278,67
129278,67
129278,67
185974,64
176201,69
239599,62
239599,62
13481,62
37550,75
470807,69
470807,70
42388,71
42388,72
317567,66
26295,85
183462,78
183462,78
183462,78
71550,76
71550,75
71550,74
71550,74
277347,63
277347,63
568921,66
276261,66
276261,66
40959,71
40959,73
20276,84
20276,84
94571,67
94571,67
94571,66
94571,66
94571,66
94571,66
30793,71
193322,76
193322,77
193322,77
193322,76
193322,76
193322,76
193322,76
92507,61
174472,78
174472,78
174472,78
37434,67
37434,68
37434,69
161015,78
161015,78
161015,78
161015,78
161015,79
161015,79
161015,79
261787,74
17749,67
17749,66
32681,63
32681,63
32681,63
35554,65
35554,66
35554,66
35554,64
35554,64
35554,64
210842,63
210842,63
26434,78
26434,78
26434,75
26434,75
26434,75
369788,68
369788,68
543358,71
543358,70
543358,70
543358,69
5016,65
5016,65
5016,65
189922,73
300977,68
21726,71
362115,68
362115,68
362115,67
362115,65
58351,79
58351,79
94289,67
179410,75
179410,75
179410,75
355874,69
179402,72
179402,72
179402,72
112758,80
26349,77
26349,77
26349,77
26349,77
26349,77
26349,77
26349,77
26349,77
26349,77
26349,77
26349,77
39555,77
39555,77
306296,72
306296,72
306296,73
25957,71
25957,72
25957,72
25957,72
39646,53
93431,68
93431,67
298327,68
298327,67
36840,66
36840,67
36840,67
36840,67
112204,67
112204,67
186531,65
186531,65
380949,68
213682,72
213682,72
213682,71
24915,69
24915,69
38044,77
38044,77
30657,82
30657,83
179772,80
179772,80
355363,67
355363,68
178818,84
178818,84
178818,83
178818,83
247169,64
247169,63
281086,68
281086,68
281086,68
306117,74
604105,76
604105,76
616544,71
616544,70
616544,70
282676,80
188060,68
188060,68
177688,71
177688,71
188054,75
188054,76
188054,75
13191,73
13191,73
13191,74
13191,74
13191,74
33959,74
96620,64
96620,64
96620,64
96620,64
96620,64
161661,71
161661,71
161661,71
161661,71
161661,71
161661,71
161661,71
213702,69
213702,69
409812,61
409812,61
409812,62
289140,67
289140,67
289140,67
432421,67
432421,67
432421,67
561838,66
561838,66
561838,66
167151,62
191315,84
191315,84
27267,63
27267,63
27267,64
291219,80
291219,80
291219,80
291219,80
291219,80
239965,73
25657,68
25657,68
25657,66
264085,70
264085,70
264085,70
264085,70
78411,72
78411,68
185949,76
185949,76
185949,76
185949,75
526223,65
258873,74
258873,74
258873,77
696443,71
696443,71
696443,69
696443,69
409193,67
38951,72
361321,75
361321,75
361321,75
361321,75
361321,75
361321,75
434778,70
434778,70
434778,70
75194,71
75194,71
75194,71
75194,71
75194,71
264885,67
264885,67
33630,76
106294,71
80497,78
80497,79
150968,72
27677,67
163670,81
163670,81
163670,81
163670,81
163670,81
163670,81
163670,82
163670,81
163670,81
195190,75
195190,75
195190,75
195190,75
15732,73
15732,73
25773,85
25773,85
167057,71
167057,71
167057,71
167057,71
128852,73
40967,70
375732,70
375732,70
375732,70
375732,70
30764,74
30764,74
9086,69
39847,74
163815,74
163815,74
163815,74
163815,74
388532,72
388532,71
388532,71
388532,71
177475,74
201888,76
201888,75
29259,74
29259,73
29259,73
29259,69
308631,70
308631,70
308631,69
69256,66
69256,66
288880,79
288880,79
288880,79
288880,79
288880,79
661902,66
661902,65
661902,65
661902,64
661902,64
661902,63
661902,63
114222,60
114222,60
46008,77
312765,71
289145,59
640642,56
640642,56
640642,56
640642,56
640642,56
640642,56
109058,75
109058,75
143793,81
369742,61
369742,61
51360,83
51360,83
238838,72
238838,72
238838,72
31037,73
26328,67
26328,68
187666,68
187666,68
187666,67
157901,74
157901,74
157901,74
36382,67
36382,67
477473,68
477473,68
496563,75
496563,75
287231,76
287231,75
287231,75
210844,69
210844,69
210844,70
210844,70
210844,70
210844,71
289159,65
604589,62
604589,62
193203,63
193203,62
214748,62
214748,62
214748,62
214748,62
214748,62
214748,62
214748,62
115681,74
115681,74
201741,65
201741,65
188971,62
188971,62
95257,70
95257,70
95257,70
526221,58
526221,55
526221,55
69628,63
69628,63
43319,78
43319,78
43319,78
43319,78
43319,79
43319,79
43319,79
309900,67
309900,67
309900,67
309868,59
309868,58
309868,58
689987,53
689987,53
13376,70
13376,70
13376,70
206822,67
206822,66
206822,66
281158,62
13494,66
13494,64
13494,64
13494,64
206805,61
68762,65
69601,67
69601,67
69601,67
275771,67
275771,67
279489,69
279489,68
680905,62
680905,61
680905,61
93984,73
93984,73
93984,73
163200,72
163200,72
189075,65
189075,65
189075,65
189075,65
189075,65
189075,65
189075,65
24751,75
183412,62
183412,62
183412,62
185566,70
175947,73
24002,66
24002,66
32732,63
38807,80
24171,74
24171,74
23579,70
23579,70
164684,87
109897,75
109897,73
47564,72
47564,72
47564,72
24003,69
24003,69
24003,69
24003,69
24003,69
24003,69
24003,69
127644,63
127644,63
31984,63
532741,67
532741,67
532741,67
32711,67
32711,67
32084,69
72464,69
72464,69
163228,62
163228,62
163228,62
163228,61
163228,61
25421,68
25421,68
253631,62
490121,61
490121,61
286119,79
286119,79
286119,77
286119,77
286119,76
286119,76
286119,75
298447,68
298447,67
298447,66
696435,48
696435,48
490868,60
158879,75
158879,74
158879,74
177126,82
177126,82
30949,67
69923,71
69923,71
69923,71
37762,82
69818,64
69818,64
109649,72
109649,73
97732,65
97732,65
278823,64
278823,64
278823,64
561849,68
205893,77
205893,77
185945,80
467521,65
467521,65
467521,64
166664,64
166664,63
166664,63
23930,68
545060,57
545060,56
545060,55
545056,55
545056,54
15361,70
15361,70
210932,74
210932,74
192303,65
192303,66
566732,73
566732,73
566732,73
35345,75
35345,75
35345,75
212512,81
160844,78
160844,77
160844,77
160844,77
74747,80
46808,74
268207,67
268207,68
183498,71
183498,71
183498,71
183498,71
183498,70
183498,70
185123,76
71498,75
172324,75
37580,69
37580,69
37580,69
573793,73
573793,73
573793,73
251256,72
38534,67
38534,67
70409,82
2796,69
299984,72
299984,72
37410,84
37410,84
38818,83
477595,64
477595,64
33775,65
27436,74
27436,74
173389,68
173389,68
173389,68
173389,68
109491,76
98058,67
98058,66
98058,66
95331,68
35556,63
35556,64
666957,58
134285,65
183491,65
183491,65
183491,64
40676,66
564854,60
564854,56
287245,68
470539,76
470539,75
470539,75
470539,75
103470,74
103470,74
439368,64
439368,64
439368,64
242958,73
242958,73
242958,73
242958,73
279879,73
41818,73
26279,64
589349,69
11316,71
613260,69
613260,69
39996,72
402975,75
402975,75
190142,64
190142,64
190142,64
190142,64
190142,64
190142,63
521195,68
521195,69
521195,68
215766,70
215766,70
215766,70
466672,72
466672,72
466672,72
466672,72
466672,72
466672,72
52563,77
132898,79
132898,79
101426,65
154259,68
154259,68
184821,78
184821,77
184821,77
245315,75
245315,75
36085,63
36085,64
26010,67
214570,69
214570,69
214570,68
301456,79
301456,79
638618,58
33620,75
33620,75
33620,75
33620,75
33620,72
104911,69
104911,69
104911,70
104911,70
104911,70
449666,77
449666,77
29568,62
209782,66
209782,65
113340,73
45488,62
45488,62
188557,73
188557,73
188557,73
94164,70
261654,68
261654,67
261654,67
261654,67
42598,79
643229,67
643229,67
643229,65
643229,64
643229,62
643229,60
643229,63
643229,63
36123,69
98407,70
98407,70
98407,70
35499,76
35499,75
26403,82
33782,81
33782,81
33782,81
40740,75
40740,74
17703,72
17703,72
17703,72
40537,74
40537,74
40537,73
40537,73
40537,73
46338,73
443966,70
443966,69
443966,69
443966,69
39990,82
104003,62
30348,78
30348,78
31989,70
27483,71
27483,76
27483,76
37858,72
166065,65
619297,63
619297,62
619297,61
150236,79
150236,78
36183,87
335436,72
335436,72
335436,71
335436,70
335436,70
41236,68
41236,67
529324,68
529324,69
244558,73
244558,73
244558,73
114792,60
23954,68
611831,70
611831,70
212767,73
212767,73
212767,73
212767,73
211020,68
211020,68
281085,80
281085,78
281085,78
186837,71
186837,72
25329,70
26771,67
26771,70
35121,67
299215,76
299215,75
299215,74
299215,74
299215,72
299215,72
299215,71
466430,66
466430,66
210956,78
210956,78
18705,77
18705,77
18705,77
174030,69
174030,69
33843,78
33991,80
240205,78
291425,75
291425,75
291425,75
291425,75
291425,74
291425,74
291425,73
291425,73
291425,73
423024,67
523414,60
51348,65
51348,65
51348,66
117432,71
117432,71
31160,71
31160,72
31160,72
17525,64
17525,63
47512,65
47512,65
47512,65
47512,65
47512,65
26330,76
26330,76
423190,69
423190,66
423190,65
97323,70
97323,68
97323,68
167254,67
167254,65
167254,65
167254,65
503659,67
503659,66
503659,66
503659,67
574662,66
574662,66
282284,71
37441,76
37441,76
37441,76
37441,76
568911,71
568911,71
568911,71
568911,72
150047,74
361757,75
361757,75
38293,70
38293,70
191789,70
470337,67
300916,80
300916,80
300916,80
300916,79
300916,79
300916,79
281554,69
281554,69
281554,68
97484,68
37549,83
470301,60
524434,74
524434,74
524434,72
524434,72
203739,72
375790,64
375790,64
375790,65
375790,66
25990,76
425426,60
185432,68
185432,68
488140,69
488140,69
488140,69
280906,71
202664,52
202664,52
57103,64
319631,71
319631,71
319631,71
319631,71
37824,79
37824,79
47558,76
47558,76
47558,76
30630,71
30630,72
30630,72
30630,72
30630,73
30630,73
31432,84
31432,85
31432,85
22929,74
23147,67
23147,67
23147,67
287223,62
189927,62
189927,62
189927,62
46232,70
46232,70
242094,76
242094,76
242094,76
154246,72
154246,72
154246,72
154246,71
154246,71
154246,72
154246,72
154246,72
588337,66
114337,71
553598,60
553598,60
132814,65
132814,65
171698,81
186054,74
358156,60
304455,78
304455,78
304455,78
304455,77
24205,75
24205,75
24205,75
24205,75
24205,75
611526,57
611526,57
611526,57
23931,68
466834,67
466834,67
110214,72
110214,72
110214,72
52490,71
52490,71
52490,71
52490,72
52490,72
52490,72
37756,71
49269,64
49269,64
46704,66
46704,66
46704,66
46704,66
37567,70
37567,70
30986,76
30986,76
212520,69
142186,67
167557,67
167557,67
167557,67
167557,67
474673,74
474673,74
474673,74
129915,71
210693,61
93353,68
37087,73
37087,73
237542,79
237542,79
237542,79
40985,70
40985,70
650847,65
650847,63
650847,63
650847,63
650847,63
278831,77
278831,77
278831,76
278831,76
24130,72
24130,72
24130,74
24130,74
105680,68
105680,68
105680,66
105680,66
105680,66
151009,70
151009,71
151009,71
151009,72
97194,65
97194,67
97194,67
97194,67
97194,67
109653,70
109653,70
407118,55
32345,77
34447,63
419207,64
419207,64
419207,63
419207,63
263653,77
164553,56
164553,56
164553,56
23117,65
23117,65
30627,84
30627,84
208676,67
208676,67
208676,67
142994,67
142994,67
78901,71
78901,71
78901,71
103468,68
103468,70
103468,70
103468,73
33086,74
191136,71
191136,71
191136,72
191136,72
191136,73
636565,60
449494,73
239856,72
239856,72
239856,72
478390,66
478390,66
129275,63
129275,63
129275,63
129275,63
307210,78
307210,78
307210,78
307210,78
331542,76
34262,66
34262,65
34262,65
34262,65
120598,76
120598,76
120598,76
210142,75
210142,74
26527,77
557342,51
557342,51
557342,51
191140,69
39122,83
39122,83
39122,83
710807,67
710807,67
710807,65
710807,63
710807,60
710807,59
40686,77
40686,77
40686,77
40686,78
18848,71
18848,70
26236,70
201102,64
201102,64
201102,64
201102,64
113792,74
113792,73
317771,73
317771,73
24123,76
24123,76
24123,76
24123,76
208984,72
208984,73
189101,79
189101,79
189101,79
189101,79
159856,57
159856,57
469700,76
25416,69
189074,70
189074,70
189074,70
189074,70
189074,68
46354,72
46354,72
46354,72
38378,67
38378,67
682552,65
682552,64
215307,68
215307,68
40007,71
40007,71
192319,63
25830,68
193807,68
495107,74
495107,74
393337,60
393337,60
38606,65
240837,75
33312,69
33312,70
33312,70
114680,72
114680,72
114680,73
213729,77
213729,77
213729,77
213729,77
41568,70
33881,74
38697,71
280483,72
280483,72
128732,79
95344,68
95344,68
95344,68
95344,67
95344,67
127130,77
43248,78
541557,77
541557,77
541557,77
541557,77
130667,74
21765,72
352943,70
352943,70
154280,76
154280,76
154280,76
149895,63
149895,63
210119,76
210119,76
264216,61
264216,60
264216,60
156008,79
156008,79
671644,64
671644,60
17875,70
17875,71
17875,71
173462,72
173462,72
173462,72
173462,71
706985,58
706985,56
706985,55
445510,58
445510,57
445510,57
201804,64
201804,64
201804,64
201804,64
201804,62
303919,71
303919,69
303919,69
303919,69
38777,70
38777,70
303922,58
422413,65
422413,65
215930,57
215930,57
215930,57
215930,59
215930,59
215930,57
215930,57
215930,56
215930,56
148904,65
148904,65
261313,76
261313,76
261313,76
150739,84
193223,75
193223,75
172147,71
172147,72
172147,73
118929,70
118929,70
118929,70
118929,70
118929,71
401004,64
401004,63
401004,63
401004,62
280653,71
149917,71
109639,67
209384,77
189977,63
257847,77
56952,73
56952,73
730065,57
580589,72
580589,72
287353,62
287353,62
287353,62
213482,66
213482,66
171338,72
282775,79
282775,79
282775,79
282775,77
282775,77
282775,77
94306,70
687733,59
687733,59
93466,71
93466,72
422121,71
422121,71
422121,70
467495,75
467495,75
45418,71
45418,72
45418,71
38148,70
162497,71
162497,71
162497,72
213816,68
25925,71
25925,71
25925,71
25925,73
213502,70
161651,77
165607,69
165607,70
2768,74
2768,75
37475,73
37475,75
26552,81
391058,80
474589,81
474589,81
474589,80
18653,68
18653,66
18653,66
35712,77
573663,64
573663,60
573663,59
573663,59
573663,58
146768,71
146768,71
146768,71
146768,71
477472,77
37411,75
18521,75
18521,76
150330,81
150330,81
150330,81
150330,81
674492,58
470868,72
470868,72
470868,72
470868,72
109331,68
186121,78
186121,78
238841,76
359190,74
359190,75
359190,75
416175,75
416175,75
18518,80
18518,79
18518,78
18518,78
18518,78
18518,77
18518,76
116183,69
116183,69
485141,72
239287,73
239287,73
239287,73
239287,74
172321,75
172321,75
205307,65
205307,65
638029,69
38440,70
38440,70
156007,68
156007,68
156007,68
156007,68
156007,68
156007,68
156007,68
294862,54
294862,54
98959,61
98959,61
180137,63
180137,63
275936,67
275936,67
389845,72
389845,72
239774,63
239774,65
161421,79
161421,79
161421,79
161421,79
161421,78
110115,72
110115,72
460632,74
460632,74
460632,73
460632,72
185236,69
215226,71
215226,72
478997,57
478997,57
74858,66
74858,65
74858,65
194533,77
194533,77
147951,80
147951,80
147951,80
147951,79
147951,79
147951,79
147951,79
147951,79
655544,54
655544,54
655544,54
298940,65
163824,74
163824,74
163824,74
163824,74
163824,74
242872,72
242872,72
242872,73
242872,74
244563,70
244563,70
244563,69
244563,69
15938,66
15938,66
15938,66
427893,71
427893,72
34336,63
34336,62
34336,62
34336,62
427061,66
427061,66
427061,66
427061,66
70297,74
199297,68
37469,72
37469,72
50074,72
50074,72
50074,73
50074,74
50074,75
50074,75
165773,70
165773,70
165773,70
33761,74
215927,72
215927,72
246422,70
38484,70
38484,71
155066,81
155066,81
155066,81
155066,81
155066,81
155066,82
480778,70
189178,72
189178,73
189178,73
189178,73
189178,73
116253,67
116253,67
116253,67
116253,69
116253,69
121716,73
42491,73
42491,73
42491,73
42491,73
42491,74
50044,65
50044,65
50044,66
245572,77
245572,77
41468,83
41468,84
41468,84
41468,84
41468,84
561433,72
561433,72
561433,71
561433,70
561433,68
75195,66
207617,78
207617,78
190452,71
190452,71
37449,74
37449,74
239981,72
39719,76
197352,75
37484,72
37484,72
103905,74
33891,67
573463,75
573463,75
573463,73
573463,71
573463,71
303935,64
303935,64
493731,67
493731,66
25796,69
25796,69
157788,66
157788,66
66633,65
66633,65
66633,65
488087,55
59595,77
59595,77
59595,77
59595,76
516846,76
516846,76
33758,64
33758,67
243164,82
461356,67
461356,67
33331,63
178774,69
178774,69
278815,75
278815,75
660153,61
660153,60
660153,59
660153,58
364290,69
364290,67
364290,67
75376,69
75376,69
75376,69
141161,74
141161,75
141161,75
141161,75
36771,70
36771,71
22998,76
521421,75
521421,74
521421,74
521421,74
278857,64
278857,64
278857,64
278857,64
282680,73
41361,64
41361,64
482397,70
482397,70
36394,71
36394,70
36394,70
40657,68
46757,74
46757,74
46757,75
42693,74
42693,73
602555,64
602555,64
602555,64
46345,65
46345,64
46345,64
410160,65
410160,66
410160,66
410160,66
410160,66
5243,69
38822,71
38822,73
38822,73
420720,60
614574,64
614574,63
614574,63
172887,75
172887,75
172887,75
51841,70
51841,70
51841,70
51841,71
51841,72
113465,72
113465,72
113465,72
113465,72
500721,68
160496,69
160496,69
19908,67
72518,77
72518,77
72518,77
72518,77
289441,75
289441,75
23932,69
23932,69
728414,59
728414,58
728414,54
33754,63
33754,65
33754,65
33754,66
640641,58
421387,59
421387,59
441164,71
441164,71
25856,74
25856,74
112035,65
112035,65
112035,65
29316,67
41044,81
45352,67
210428,80
210428,79
210428,79
289251,69
289251,69
289251,69
80293,68
80293,68
80293,68
43329,72
93453,67
93453,67
93453,67
429914,57
429914,56
150670,82
150670,82
150670,82
69541,75
69541,75
69541,75
69541,75
69541,75
728478,56
728478,56
728478,54
728478,52
433628,72
465568,64
465568,63
465568,63
429655,67
429655,64
27630,72
27630,70
27630,70
27630,70
105535,70
105535,70
306522,62
306522,62
186847,73
186847,73
253103,65
253103,65
253103,65
253103,64
253103,62
164229,71
164229,71
164229,72
164229,72
195448,74
195448,74
195448,74
195448,74
37886,67
37886,67
39578,67
39578,68
39330,68
39330,67
39330,67
39330,67
39330,67
39330,68
39330,68
465924,64
465924,64
208230,82
208230,82
208230,82
26539,75
630950,65
630950,63
630950,61
630950,61
630950,59
630950,59
33065,65
33065,65
33065,65
33065,65
33065,65
36005,71
231093,69
231093,69
231093,69
231093,69
231093,69
29257,70
29257,70
29257,70
29257,71
29257,71
176953,68
176953,68
282286,72
282286,73
282286,73
282286,73
613972,62
351939,66
351939,65
163604,68
163604,68
35466,71
35466,71
150021,69
667972,63
361403,73
361403,73
361403,73
361403,73
361403,72
558136,57
558136,57
558136,56
558136,55
558136,54
7284,71
7284,70
7284,70
187333,72
187333,72
212708,65
212708,65
37770,78
37770,77
37770,77
179891,66
41711,69
41711,69
71775,68
71775,68
42596,66
69675,76
72656,77
72656,77
72656,77
72656,77
72656,77
37294,66
37294,66
78507,67
78507,67
78507,66
78507,65
78507,65
156097,73
156097,73
156097,73
156097,72
643709,73
643709,73
643709,72
35496,71
47413,62
159854,70
159854,70
159854,70
26687,66
35901,60
35901,59
27149,71
469763,68
469763,68
469763,67
467354,72
467354,72
467354,72
467354,69
643232,65
26535,69
277849,72
277849,72
277849,70
277849,70
577045,70
577045,70
577045,70
306731,67
306731,67
306731,67
26002,78
26002,78
190851,70
190851,70
363369,69
363369,69
363369,69
36872,66
469804,76
469804,76
281936,75
281936,75
281936,74
281936,74
26586,67
210692,70
210692,70
210692,70
35022,67
35022,67
26522,71
26522,71
26522,72
26522,72
169200,86
169200,86
148948,64
566158,70
23099,66
23099,66
23099,66
23099,67
554280,66
26392,79
155548,69
155548,69
155548,69
94652,76
94652,75
230819,56
230819,56
185175,79
185175,79
185175,78
107983,64
307224,64
307224,64
307224,64
307224,64
239559,69
239559,69
239559,68
239559,69
30249,74
30249,75
30249,75
30249,76
299886,71
299886,71
299886,71
299886,70
39999,67
201938,69
303025,66
303025,65
350472,54
350472,54
350472,54
350472,54
350472,54
40018,74
23933,71
23933,71
23933,70
38320,66
38320,66
38320,66
289817,62
289817,59
289817,59
289817,59
114558,80
114558,80
114558,80
27329,71
409000,62
409000,63
680815,61
680815,60
680815,57
680815,57
680815,57
145550,82
145550,82
213005,63
213005,63
213005,63
213005,63
213005,63
213005,63
418105,69
418105,69
418105,67
418105,67
418105,67
167589,75
212893,80
212893,80
212893,80
212893,80
212893,80
264221,78
264221,77
27335,77
27335,77
27335,77
27335,77
27335,78
51949,82
130027,70
130027,70
354491,67
354491,67
354491,66
354491,66
278284,66
278284,66
118182,69
184629,75
184629,75
184629,75
184629,75
184629,75
184629,75
184629,75
79264,75
79264,74
79264,74
79264,74
79264,74
79264,74
79264,74
79264,74
79264,74
148792,67
148792,67
148792,67
78513,79
78513,79
488189,54
488189,53
30352,73
614458,55
614458,55
614458,55
614458,55
614458,55
582499,64
582499,64
582499,64
582499,64
582499,63
582499,63
582499,57
191869,76
191869,76
108809,71
108809,71
175311,65
175311,65
38290,73
38290,71
120110,65
120110,66
120110,66
120110,68
94308,67
482841,67
482841,67
482841,67
482841,68
482841,69
429265,78
429265,77
429265,77
429265,72
586474,66
586474,66
586474,65
586474,63
586474,63
32964,66
568589,66
36784,81
36784,81
36784,81
36784,81
206182,71
40068,67
40068,67
40068,68
170322,74
67898,69
67898,69
67898,70
346114,67
346114,67
303155,72
566420,63
566420,63
566420,64
184533,83
184533,83
211089,75
211089,75
388728,58
388728,58
388728,57
115670,72
115670,72
115670,73
16511,71
16511,71
16511,69
16511,69
16511,69
209430,76
161683,83
161683,83
36257,79
36257,78
36257,78
419238,64
419238,64
419238,62
282182,71
282182,71
30900,73
71557,69
71557,69
71557,69
32867,69
32867,69
32867,69
32867,69
23574,73
23574,73
163215,65
163215,65
163215,65
26805,66
27570,68
27570,69
27570,69
27570,69
115266,62
115266,59
115266,59
115266,59
77774,65
77774,65
77774,64
209855,65
73462,72
73462,72
510399,67
510399,67
510399,66
510399,66
467513,64
467513,64
12386,71
12386,71
12386,71
12386,70
12386,70
209014,64
209014,64
209014,64
209014,64
26044,68
26044,68
656319,56
363334,62
363334,62
363334,62
543298,56
543298,54
277487,64
309890,57
116874,62
116874,62
107848,66
107848,66
107848,65
69428,63
69428,64
13436,64
13436,64
13436,64
470370,73
470370,73
470370,73
470370,72
470370,72
281207,79
281207,78
111862,79
111862,79
111862,79
111862,79
111862,79
111862,79
111862,79
165704,68
165704,68
466843,72
466843,72
654084,57
654084,57
36783,70
36783,70
36783,70
36783,70
36783,70
111800,74
159833,79
159833,79
159833,79
159833,79
159833,79
701154,65
101501,78
101501,78
150297,75
188114,64
188114,63
188114,63
149031,71
149031,72
93457,74
94041,72
94041,72
94041,72
37373,82
37373,82
26256,71
26256,71
26256,71
94916,80
94916,80
243937,72
243937,72
39971,64
39971,64
436553,66
436553,66
436553,65
664587,58
664587,57
23988,82
23988,82
23988,82
91503,73
91503,73
91503,73
26478,64
26478,64
39213,75
177715,72
443002,64
443002,64
467318,67
467318,67
467318,66
91929,71
41196,69
41196,68
41196,68
41196,68
41196,68
41196,68
178293,73
178293,73
178293,73
178293,72
181140,67
26211,66
38441,77
38441,77
38441,77
38441,77
38441,76
38441,76
38441,76
38441,76
38441,76
38441,76
38441,76
282671,76
282671,76
491167,63
291929,66
46539,84
46539,84
33109,72
46295,74
46295,74
46295,74
280260,77
280260,77
280260,77
24789,72
24789,72
24789,74
24789,74
24789,74
424129,75
424129,74
424129,74
183500,72
183500,72
183500,72
22337,79
22337,80
22337,80
22337,81
185636,69
185636,70
202210,74
237606,74
237606,74
237606,74
237606,73
237606,73
237606,73
237606,73
237606,73
231614,58
41329,72
41329,72
41329,72
41329,72
46212,71
46212,71
46212,71
500585,71
500585,71
39569,65
30515,77
30515,77
122048,74
470541,68
470541,68
470541,67
470541,69
318615,70
318615,70
318615,69
318615,68
318615,66
302372,63
40581,70
40581,70
40581,69
40581,69
25150,77
163641,59
163641,59
163641,59
163641,59
363351,63
363351,63
363351,63
171789,66
171789,66
171789,66
37150,67
37150,67
37150,67
37150,67
37150,67
37150,67
37150,67
24845,64
22045,70
22045,70
22045,70
22045,70
22045,70
22045,70
22045,70
202632,68
74814,74
74814,74
74814,74
74814,74
74814,74
74814,74
74814,73
24846,82
24846,83
196489,69
196489,69
196489,69
196489,68
196489,68
358127,78
358127,78
358127,78
267383,76
267383,76
267383,76
267383,76
267383,75
267383,74
536584,69
427439,68
427439,68
427439,68
202663,66
181793,66
27314,74
27314,75
671331,71
671331,71
671331,71
671331,70
671331,70
671331,70
671331,70
671331,70
671331,70
147726,73
147726,70
147726,69
147726,69
23115,70
23115,71
35454,67
343748,77
343748,77
343748,76
637199,60
637199,60
24006,75
139822,75
189958,65
189958,65
320184,65
260470,76
260470,75
181997,71
24235,83
24235,83
24235,83
24235,83
620523,59
620523,59
620523,59
231176,75
231176,75
231176,74
231176,73
231176,73
30534,71
30534,71
30534,71
30534,71
115700,67
182138,69
109638,75
109638,75
109638,75
109638,75
109638,75
23286,64
23286,66
530859,76
530859,76
530859,76
530859,76
530859,76
530859,76
530859,76
530859,75
298449,66
298449,66
104434,71
104434,71
104434,71
104434,70
359202,67
359202,67
359202,67
359202,65
359202,65
294256,69
294256,69
717557,64
717557,63
717557,62
660130,59
469764,72
469764,72
469764,71
469764,71
469764,71
292454,70
292454,70
292454,70
538499,72
538499,72
538499,72
538499,72
538499,72
538499,70
523363,63
523363,63
37779,69
37779,69
37779,69
128827,77
128827,77
128827,77
229778,54
229778,54
229778,54
97470,73
97470,73
97470,73
97470,73
210382,66
210382,65
210382,65
113908,74
113908,74
113908,74
113908,74
113908,74
113908,74
113908,74
150591,68
469957,52
469957,52
674221,48
674221,48
674221,48
13917,65
24435,61
24435,62
24435,63
24435,65
24435,66
445511,59
210804,70
210804,70
210804,70
210804,70
210804,70
246317,59
246317,59
246317,59
246317,60
23787,71
23787,71
23787,71
24105,71
24105,71
158818,57
158818,56
158818,56
158818,54
150401,74
150401,74
150401,74
96838,72
96838,72
96838,72
96838,72
268257,70
268257,70
268257,70
268257,70
199810,73
199810,73
39299,66
39299,66
71903,63
71903,63
733787,51
733787,51
733787,51
248123,64
248123,64
40712,68
210437,70
210437,72
26114,74
26114,74
26114,74
291642,63
291642,63
150322,72
14557,77
14557,77
182456,78
30536,78
30536,77
169204,65
169204,65
94309,78
94309,77
94309,77
94309,77
94309,77
251243,69
251243,69
111703,65
39987,80
166702,71
41160,68
150480,76
112476,71
112476,71
112476,71
112476,71
22700,57
277608,68
192079,71
192079,71
192079,71
192079,71
25587,76
25587,76
25587,76
193441,82
193441,82
193441,82
193441,82
193441,82
230825,71
230825,71
230825,71
230825,71
172446,75
172446,73
172446,73
104778,71
104778,71
104778,71
104778,71
104778,71
540307,65
540307,62
540307,62
212643,78
212643,77
212643,77
212643,77
26171,76
26171,78
176680,70
176680,70
287894,80
287894,79
287894,79
196865,61
196865,61
661897,68
311003,67
311003,67
42312,72
293205,71
293205,71
293205,71
46374,77
39549,69
39549,70
39549,70
415308,67
415308,65
415308,63
415308,63
154245,74
154245,74
27697,68
27697,69
27697,69
27697,71
129763,68
129763,68
190562,71
603464,62
603464,62
603464,62
603464,62
27671,76
27671,76
27671,76
114475,65
362119,67
282059,62
182606,72
182606,72
182606,72
182606,72
182606,72
182606,72
182606,72
415501,65
415501,65
415501,65
42651,73
42651,73
42651,73
42651,74
300683,71
300683,71
300683,71
300683,71
300683,70
300683,69
74009,74
74009,74
111794,73
111794,73
111794,73
111794,73
111794,73
111794,73
30709,76
30709,76
30709,76
526241,61
526241,61
526241,61
526241,59
526241,59
526241,59
114738,76
114738,74
114738,74
114738,74
536440,60
75416,61
173427,77
252969,73
252969,72
357080,74
357080,74
38393,81
38393,81
38393,81
38393,82
38393,82
215369,67
620061,58
620061,58
620061,58
46755,74
46755,75
46755,75
46755,75
46755,75
46755,75
210111,77
210111,77
210111,77
452269,71
504606,74
504606,72
504606,70
504606,68
504606,66
66757,75
66757,75
95327,79
215299,81
215299,81
166509,75
166509,75
166509,75
166509,75
166509,75
166509,75
194660,79
194660,78
267380,73
267380,73
267380,73
267380,74
267380,74
113769,79
346004,74
346004,75
428063,67
428063,67
612277,62
166670,66
166670,66
359193,78
359193,78
359193,77
359193,77
114672,73
114672,73
114672,73
466832,67
466832,66
11285,78
11285,78
11285,77
11285,77
502812,57
502812,57
40964,77
40964,77
143710,67
143710,67
143710,68
294003,78
294003,79
158581,75
303926,70
303926,71
693171,60
693171,58
34003,74
34003,73
34003,72
26045,64
179393,78
179393,78
37651,65
37173,69
37537,67
